{
  "version": 1,
  "author": "Anonymous maker",
  "editor": "wokwi",
  "parts": [
    { "type": "board-esp32-devkit-c-v4", "id": "esp", "top": 67.2, "left": -4.76, "attrs": {} },
    {
      "type": "wokwi-dht22",
      "id": "dht1",
      "top": -38.1,
      "left": -168.6,
      "attrs": { "temperature": "26", "humidity": "55" }
    },
    {
      "type": "wokwi-lcd1602",
      "id": "lcd1",
      "top": -166.4,
      "left": -4,
      "attrs": { "pins": "i2c" }
    }
  ],
  "connections": [
    [ "esp:TX", "$serialMonitor:RX", "", [] ],
    [ "esp:RX", "$serialMonitor:TX", "", [] ],
    [ "dht1:VCC", "esp:3V3", "red", [ "v28.8", "h115.2", "v-48" ] ],
    [ "esp:GND.1", "dht1:GND", "black", [ "h-57.45" ] ],
    [ "lcd1:GND", "esp:GND.2", "black", [ "h-28.8", "v153.6", "h144", "v38.4" ] ],
    [ "esp:22", "lcd1:SCL", "green", [ "h57.6", "v-67.2", "h-172.8", "v-115.2" ] ],
    [ "esp:21", "lcd1:SDA", "green", [ "h67.2", "v-105.6", "h-172.8", "v-115.2" ] ],
    [ "lcd1:VCC", "esp:3V3", "red", [ "h-57.6", "v0.1" ] ],
    [ "esp:4", "dht1:SDA", "green", [ "h38.4", "v76.8", "h-288" ] ]
  ],
  "dependencies": {}
}